{"national_index": 0.8640046296296297, "states_index_data": {"index": {"Alabama": 1.0, "Alaska": 1.0, "Arizona": 0.9393939393939394, "Arkansas": 1.0, "California": 0.8, "Colorado": 1.0, "Connecticut": 0.96875, "Delaware": 1.0, "District of Columbia": 1.0, "Florida": 0.8759398496240601, "Georgia": 0.8545454545454545, "Hawaii": 1.0, "Idaho": 0.8333333333333334, "Illinois": 0.9545454545454546, "Indiana": 0.8095238095238095, "Iowa": 0.6666666666666666, "Kansas": 0.9285714285714286, "Kentucky": 1.0, "Louisiana": 1.0, "Maine": 0.75, "Maryland": 0.8947368421052632, "Massachusetts": 0.7910447761194029, "Michigan": 0.7307692307692307, "Minnesota": 0.7777777777777778, "Mississippi": 1.0, "Missouri": 0.9166666666666666, "Montana": 1.0, "Nebraska": 0.8333333333333334, "Nevada": 0.55, "New Hampshire": 1.0, "New Jersey": 0.9215686274509803, "New Mexico": 0.8333333333333334, "New York": 0.8461538461538461, "North Carolina": 0.8, "North Dakota": 0.0, "Ohio": 0.9259259259259259, "Oklahoma": 0.9090909090909091, "Oregon": 0.948051948051948, "Pennsylvania": 0.925, "Rhode Island": 0.8333333333333334, "South Carolina": 0.9166666666666666, "South Dakota": 1.0, "Tennessee": 0.8461538461538461, "Texas": 0.875, "Utah": 0.7333333333333333, "Vermont": 0.75, "Virginia": 0.8181818181818182, "Washington": 0.8760330578512396, "West Virginia": 1.0, "Wisconsin": 0.7777777777777778, "Wyoming": 0.5}, "num_hate": {"Alabama": 5, "Alaska": 3, "Arizona": 31, "Arkansas": 1, "California": 160, "Colorado": 17, "Connecticut": 31, "Delaware": 7, "District of Columbia": 3, "Florida": 233, "Georgia": 47, "Hawaii": 5, "Idaho": 5, "Illinois": 42, "Indiana": 17, "Iowa": 2, "Kansas": 13, "Kentucky": 6, "Louisiana": 20, "Maine": 6, "Maryland": 17, "Massachusetts": 53, "Michigan": 19, "Minnesota": 21, "Mississippi": 2, "Missouri": 22, "Montana": 4, "Nebraska": 5, "Nevada": 11, "New Hampshire": 1, "New Jersey": 47, "New Mexico": 5, "New York": 165, "North Carolina": 24, "North Dakota": 0, "Ohio": 25, "Oklahoma": 10, "Oregon": 73, "Pennsylvania": 37, "Rhode Island": 10, "South Carolina": 11, "South Dakota": 1, "Tennessee": 22, "Texas": 84, "Utah": 11, "Vermont": 3, "Virginia": 36, "Washington": 106, "West Virginia": 4, "Wisconsin": 7, "Wyoming": 1}, "num_classified": {"Alabama": 5, "Alaska": 3, "Arizona": 33, "Arkansas": 1, "California": 200, "Colorado": 17, "Connecticut": 32, "Delaware": 7, "District of Columbia": 3, "Florida": 266, "Georgia": 55, "Hawaii": 5, "Idaho": 6, "Illinois": 44, "Indiana": 21, "Iowa": 3, "Kansas": 14, "Kentucky": 6, "Louisiana": 20, "Maine": 8, "Maryland": 19, "Massachusetts": 67, "Michigan": 26, "Minnesota": 27, "Mississippi": 2, "Missouri": 24, "Montana": 4, "Nebraska": 6, "Nevada": 20, "New Hampshire": 1, "New Jersey": 51, "New Mexico": 6, "New York": 195, "North Carolina": 30, "North Dakota": 0, "Ohio": 27, "Oklahoma": 11, "Oregon": 77, "Pennsylvania": 40, "Rhode Island": 12, "South Carolina": 12, "South Dakota": 1, "Tennessee": 26, "Texas": 96, "Utah": 15, "Vermont": 4, "Virginia": 44, "Washington": 121, "West Virginia": 4, "Wisconsin": 9, "Wyoming": 2}, "normalized_index": {"Alabama": 115.74012056262559, "Alaska": 115.74012056262559, "Arizona": 108.72556780125436, "Arkansas": 115.74012056262559, "California": 92.59209645010047, "Colorado": 115.74012056262559, "Connecticut": 112.12324179504354, "Delaware": 115.74012056262559, "District of Columbia": 115.74012056262559, "Florida": 101.38138380109685, "Georgia": 98.90519393533458, "Hawaii": 115.74012056262559, "Idaho": 96.45010046885466, "Illinois": 110.47920599159715, "Indiana": 93.69438331260166, "Iowa": 77.16008037508372, "Kansas": 107.47296909386661, "Kentucky": 115.74012056262559, "Louisiana": 115.74012056262559, "Maine": 86.80509042196918, "Maryland": 103.55694997708605, "Massachusetts": 91.55561775849486, "Michigan": 84.57931887268792, "Minnesota": 90.02009377093101, "Mississippi": 115.74012056262559, "Missouri": 106.09511051574012, "Montana": 115.74012056262559, "Nebraska": 96.45010046885466, "Nevada": 63.657066309444076, "New Hampshire": 115.74012056262559, "New Jersey": 106.66246404790985, "New Mexico": 96.45010046885466, "New York": 97.9339481683755, "North Carolina": 92.59209645010047, "North Dakota": 0.0, "Ohio": 107.16677829872738, "Oklahoma": 105.2182914205687, "Oregon": 109.72764676716452, "Pennsylvania": 107.05961152042866, "Rhode Island": 96.45010046885466, "South Carolina": 106.09511051574012, "South Dakota": 115.74012056262559, "Tennessee": 97.9339481683755, "Texas": 101.2726054922974, "Utah": 84.87608841259208, "Vermont": 86.80509042196918, "Virginia": 94.69646227851185, "Washington": 101.39217173254802, "West Virginia": 115.74012056262559, "Wisconsin": 90.02009377093101, "Wyoming": 57.870060281312796}}}